Date_reported, New_cases
2020-01-03,0
2020-01-04,0
2020-01-05,0
2020-01-06,0
2020-01-07,0
2020-01-08,0
2020-01-09,0
2020-01-10,0
2020-01-11,0
2020-01-12,0
2020-01-13,0
2020-01-14,0
2020-01-15,0
2020-01-16,0
2020-01-17,0
2020-01-18,0
2020-01-19,0
2020-01-20,0
2020-01-21,0
2020-01-22,0
2020-01-23,0
2020-01-24,0
2020-01-25,0
2020-01-26,0
2020-01-27,0
2020-01-28,0
2020-01-29,0
2020-01-30,0
2020-01-31,0
2020-02-01,0
2020-02-02,0
2020-02-03,0
2020-02-04,0
2020-02-05,0
2020-02-06,0
2020-02-07,0
2020-02-08,0
2020-02-09,0
2020-02-10,0
2020-02-11,0
2020-02-12,0
2020-02-13,0
2020-02-14,0
2020-02-15,0
2020-02-16,0
2020-02-17,0
2020-02-18,0
2020-02-19,0
2020-02-20,0
2020-02-21,0
2020-02-22,0
2020-02-23,0
2020-02-24,5
2020-02-25,0
2020-02-26,0
2020-02-27,0
2020-02-28,0
2020-02-29,0
2020-03-01,0
2020-03-02,0
2020-03-03,0
2020-03-04,0
2020-03-05,0
2020-03-06,0
2020-03-07,3
2020-03-08,0
2020-03-09,0
2020-03-10,0
2020-03-11,3
2020-03-12,0
2020-03-13,0
2020-03-14,3
2020-03-15,6
2020-03-16,5
2020-03-17,1
2020-03-18,0
2020-03-19,0
2020-03-20,-2
2020-03-21,0
2020-03-22,10
2020-03-23,6
2020-03-24,2
2020-03-25,32
2020-03-26,6
2020-03-27,11
2020-03-28,15
2020-03-29,8
2020-03-30,0
2020-03-31,52
2020-04-01,26
2020-04-02,43
2020-04-03,34
2020-04-04,1
2020-04-05,29
2020-04-06,38
2020-04-07,30
2020-04-08,56
2020-04-09,61
2020-04-10,37
2020-04-11,0
2020-04-12,34
2020-04-13,110
2020-04-14,49
2020-04-15,70
2020-04-16,10
2020-04-17,51
2020-04-18,63
2020-04-19,88
2020-04-20,0
2020-04-21,96
2020-04-22,84
2020-04-23,0
2020-04-24,50
2020-04-25,237
2020-04-26,0
2020-04-27,240
2020-04-28,124
2020-04-29,0
2020-04-30,344
2020-05-01,0
2020-05-02,298
2020-05-03,0
2020-05-04,0
2020-05-05,755
2020-05-06,168
2020-05-07,171
2020-05-08,0
2020-05-09,478
2020-05-10,361
2020-05-11,262
2020-05-12,303
2020-05-13,259
2020-05-14,113
2020-05-15,714
2020-05-16,349
2020-05-17,262
2020-05-18,408
2020-05-19,583
2020-05-20,490
2020-05-21,531
2020-05-22,540
2020-05-23,650
2020-05-24,716
2020-05-25,512
2020-05-26,737
2020-05-27,548
2020-05-28,637
2020-05-29,643
2020-05-30,784
2020-05-31,651
2020-06-01,656
2020-06-02,742
2020-06-03,775
2020-06-04,624
2020-06-05,1078
2020-06-06,582
2020-06-07,791
2020-06-08,575
2020-06-09,305
2020-06-10,920
2020-06-11,748
2020-06-12,656
2020-06-13,556
2020-06-14,664
2020-06-15,761
2020-06-16,106
2020-06-17,1241
2020-06-18,463
2020-06-19,541
2020-06-20,419
2020-06-21,536
2020-06-22,310
2020-06-23,338
2020-06-24,159
2020-06-25,535
2020-06-26,85
2020-06-27,356
2020-06-28,351
2020-06-29,271
2020-06-30,0
2020-07-01,524
2020-07-02,260
2020-07-03,302
2020-07-04,348
2020-07-05,279
2020-07-06,113
2020-07-07,320
2020-07-08,210
2020-07-09,59
2020-07-10,541
2020-07-11,157
2020-07-12,100
2020-07-13,0
2020-07-14,289
2020-07-15,200
2020-07-16,130
2020-07-17,159
2020-07-18,60
2020-07-19,186
2020-07-20,34
2020-07-21,106
2020-07-22,112
2020-07-23,188
2020-07-24,66
2020-07-25,55
2020-07-26,121
2020-07-27,106
2020-07-28,105
2020-07-29,103
2020-07-30,71
2020-07-31,0
2020-08-01,168
2020-08-02,0
2020-08-03,0
2020-08-04,37
2020-08-05,82
2020-08-06,67
2020-08-07,41
2020-08-08,78
2020-08-09,39
2020-08-10,0
2020-08-11,215
2020-08-12,76
2020-08-13,79
2020-08-14,7
2020-08-15,120
2020-08-16,45
2020-08-17,0
2020-08-18,3
2020-08-19,0
2020-08-20,160
2020-08-21,97
2020-08-22,38
2020-08-23,105
2020-08-24,55
2020-08-25,16
2020-08-26,1
2020-08-27,55
2020-08-28,14
2020-08-29,0
2020-08-30,3
2020-08-31,19
2020-09-01,34
2020-09-02,9
2020-09-03,83
2020-09-04,0
2020-09-05,16
2020-09-06,94
2020-09-07,0
2020-09-08,96
2020-09-09,50
2020-09-10,28
2020-09-11,0
2020-09-12,69
2020-09-13,0
2020-09-14,131
2020-09-15,30
2020-09-16,53
2020-09-17,17
2020-09-18,11
2020-09-19,36
2020-09-20,125
2020-09-21,30
2020-09-22,0
2020-09-23,22
2020-09-24,74
2020-09-25,0
2020-09-26,16
2020-09-27,41
2020-09-28,0
2020-01-03,0
2020-01-04,0
2020-01-05,0
2020-01-06,0
2020-01-07,0
2020-01-08,0
2020-01-09,0
2020-01-10,0
2020-01-11,0
2020-01-12,0
2020-01-13,0
2020-01-14,0
2020-01-15,0
2020-01-16,0
2020-01-17,0
2020-01-18,0
2020-01-19,0
2020-01-20,0
2020-01-21,0
2020-01-22,0
2020-01-23,0
2020-01-24,0
2020-01-25,0
2020-01-26,0
2020-01-27,0
2020-01-28,0
2020-01-29,0
2020-01-30,0
2020-01-31,0
2020-02-01,0
2020-02-02,0
2020-02-03,0
2020-02-04,0
2020-02-05,0
2020-02-06,0
2020-02-07,0
2020-02-08,0
2020-02-09,0
2020-02-10,0
2020-02-11,0
2020-02-12,0
2020-02-13,0
2020-02-14,0
2020-02-15,0
2020-02-16,0
2020-02-17,0
2020-02-18,0
2020-02-19,0
2020-02-20,0
2020-02-21,0
2020-02-22,0
2020-02-23,0
2020-02-24,0
2020-02-25,0
2020-02-26,0
2020-02-27,0
2020-02-28,0
2020-02-29,0
2020-03-01,0
2020-03-02,0
2020-03-03,0
2020-03-04,0
2020-03-05,0
2020-03-06,0
2020-03-07,0
2020-03-08,0
2020-03-09,6
2020-03-10,4
2020-03-11,4
2020-03-12,13
2020-03-13,10
2020-03-14,5
2020-03-15,4
2020-03-16,9
2020-03-17,4
2020-03-18,4
2020-03-19,7
2020-03-20,0
2020-03-21,6
2020-03-22,0
2020-03-23,13
2020-03-24,34
2020-03-25,23
2020-03-26,28
2020-03-27,12
2020-03-28,11
2020-03-29,15
2020-03-30,11
2020-03-31,0
2020-04-01,20
2020-04-02,34
2020-04-03,0
2020-04-04,56
2020-04-05,0
2020-04-06,44
2020-04-07,0
2020-04-08,23
2020-04-09,9
2020-04-10,7
2020-04-11,0
2020-04-12,30
2020-04-13,0
2020-04-14,29
2020-04-15,0
2020-04-16,19
2020-04-17,24
2020-04-18,30
2020-04-19,0
2020-04-20,14
2020-04-21,47
2020-04-22,25
2020-04-23,0
2020-04-24,44
2020-04-25,0
2020-04-26,34
2020-04-27,14
2020-04-28,10
2020-04-29,30
2020-04-30,7
2020-05-01,0
2020-05-02,16
2020-05-03,6
2020-05-04,8
2020-05-05,17
2020-05-06,12
2020-05-07,0
2020-05-08,18
2020-05-09,6
2020-05-10,12
2020-05-11,0
2020-05-12,4
2020-05-13,4
2020-05-14,4
2020-05-15,18
2020-05-16,35
2020-05-17,13
2020-05-18,2
2020-05-19,0
2020-05-20,16
2020-05-21,5
2020-05-22,0
2020-05-23,12
2020-05-24,8
2020-05-25,15
2020-05-26,25
2020-05-27,21
2020-05-28,26
2020-05-29,23
2020-05-30,23
2020-05-31,14
2020-06-01,7
2020-06-02,21
2020-06-03,12
2020-06-04,21
2020-06-05,15
2020-06-06,20
2020-06-07,14
2020-06-08,17
2020-06-09,36
2020-06-10,42
2020-06-11,44
2020-06-12,31
2020-06-13,48
2020-06-14,57
2020-06-15,69
2020-06-16,82
2020-06-17,50
2020-06-18,66
2020-06-19,50
2020-06-20,0
2020-06-21,53
2020-06-22,104
2020-06-23,52
2020-06-24,67
2020-06-25,78
2020-06-26,77
2020-06-27,61
2020-06-28,72
2020-06-29,64
2020-06-30,69
2020-07-01,45
2020-07-02,82
2020-07-03,90
2020-07-04,67
2020-07-05,74
2020-07-06,71
2020-07-07,74
2020-07-08,68
2020-07-09,82
2020-07-10,90
2020-07-11,93
2020-07-12,0
2020-07-13,200
2020-07-14,96
2020-07-15,85
2020-07-16,99
2020-07-17,55
2020-07-18,0
2020-07-19,102
2020-07-20,82
2020-07-21,81
2020-07-22,119
2020-07-23,68
2020-07-24,108
2020-07-25,104
2020-07-26,67
2020-07-27,126
2020-07-28,117
2020-07-29,117
2020-07-30,108
2020-07-31,92
2020-08-01,79
2020-08-02,120
2020-08-03,123
2020-08-04,101
2020-08-05,130
2020-08-06,139
2020-08-07,127
2020-08-08,135
2020-08-09,124
2020-08-10,136
2020-08-11,125
2020-08-12,140
2020-08-13,141
2020-08-14,154
2020-08-15,146
2020-08-16,143
2020-08-17,120
2020-08-18,119
2020-08-19,155
2020-08-20,158
2020-08-21,155
2020-08-22,152
2020-08-23,156
2020-08-24,152
2020-08-25,178
2020-08-26,154
2020-08-27,168
2020-08-28,156
2020-08-29,112
2020-08-30,84
2020-08-31,101
2020-09-01,133
2020-09-02,93
2020-09-03,122
2020-09-04,116
2020-09-05,123
2020-09-06,135
2020-09-07,153
2020-09-08,151
2020-09-09,147
2020-09-10,151
2020-09-11,156
2020-09-12,161
2020-09-13,164
2020-09-14,168
2020-09-15,167
2020-09-16,152
2020-09-17,144
2020-09-18,132
2020-09-19,125
2020-09-20,153
2020-09-21,159
2020-09-22,150
2020-09-23,131
2020-09-24,121
2020-09-25,134
2020-09-26,124
2020-09-27,108
2020-01-03,0
2020-01-04,0
2020-01-05,0
2020-01-06,0
2020-01-07,0
2020-01-08,0
2020-01-09,0
2020-01-10,0
2020-01-11,0
2020-01-12,0
2020-01-13,0
2020-01-14,0
2020-01-15,0
2020-01-16,0
2020-01-17,0
2020-01-18,0
2020-01-19,0
2020-01-20,0
2020-01-21,0
2020-01-22,0
2020-01-23,0
2020-01-24,0
2020-01-25,0
2020-01-26,0
2020-01-27,0
2020-01-28,0
2020-01-29,0
2020-01-30,0
2020-01-31,0
2020-02-01,0
2020-02-02,0
2020-02-03,0
2020-02-04,0
2020-02-05,0
2020-02-06,0
2020-02-07,0
2020-02-08,0
2020-02-09,0
2020-02-10,0
2020-02-11,0
2020-02-12,0
2020-02-13,0
2020-02-14,0
2020-02-15,0
2020-02-16,0
2020-02-17,0
2020-02-18,0
2020-02-19,0
2020-02-20,0
2020-02-21,0
2020-02-22,0
2020-02-23,0
2020-02-24,0
2020-02-25,5
2020-02-26,0
2020-02-27,0
2020-02-28,0
2020-02-29,0
2020-03-01,0
2020-03-02,2
2020-03-03,2
2020-03-04,7
2020-03-05,0
2020-03-06,5
2020-03-07,0
2020-03-08,0
2020-03-09,3
2020-03-10,0
2020-03-11,0
2020-03-12,5
2020-03-13,0
2020-03-14,12
2020-03-15,12
2020-03-16,0
2020-03-17,11
2020-03-18,12
2020-03-19,10
2020-03-20,8
2020-03-21,0
2020-03-22,45
2020-03-23,62
2020-03-24,30
2020-03-25,33
2020-03-26,0
2020-03-27,41
2020-03-28,62
2020-03-29,42
2020-03-30,45
2020-03-31,57
2020-04-01,73
2020-04-02,263
2020-04-03,139
2020-04-04,185
2020-04-05,80
2020-04-06,0
2020-04-07,172
2020-04-08,45
2020-04-09,104
2020-04-10,94
2020-04-11,95
2020-04-12,64
2020-04-13,89
2020-04-14,69
2020-04-15,87
2020-04-16,90
2020-04-17,108
2020-04-18,150
2020-04-19,116
2020-04-20,95
2020-04-21,89
2020-04-22,93
2020-04-23,99
2020-04-24,97
2020-04-25,120
2020-04-26,129
2020-04-27,126
2020-04-28,135
2020-04-29,132
2020-04-30,199
2020-05-01,158
2020-05-02,148
2020-05-03,141
2020-05-04,179
2020-05-05,174
2020-05-06,190
2020-05-07,159
2020-05-08,185
2020-05-09,187
2020-05-10,189
2020-05-11,165
2020-05-12,168
2020-05-13,176
2020-05-14,186
2020-05-15,189
2020-05-16,188
2020-05-17,191
2020-05-18,198
2020-05-19,182
2020-05-20,176
2020-05-21,165
2020-05-22,186
2020-05-23,190
2020-05-24,195
2020-05-25,193
2020-05-26,197
2020-05-27,194
2020-05-28,160
2020-05-29,140
2020-05-30,137
2020-05-31,133
2020-06-01,127
2020-06-02,119
2020-06-03,113
2020-06-04,107
2020-06-05,98
2020-06-06,104
2020-06-07,115
2020-06-08,104
2020-06-09,111
2020-06-10,117
2020-06-11,102
2020-06-12,105
2020-06-13,109
2020-06-14,112
2020-06-15,109
2020-06-16,112
2020-06-17,116
2020-06-18,121
2020-06-19,117
2020-06-20,119
2020-06-21,127
2020-06-22,140
2020-06-23,149
2020-06-24,156
2020-06-25,172
2020-06-26,197
2020-06-27,240
2020-06-28,283
2020-06-29,305
2020-06-30,298
2020-07-01,336
2020-07-02,365
2020-07-03,385
2020-07-04,413
2020-07-05,430
2020-07-06,441
2020-07-07,463
2020-07-08,475
2020-07-09,469
2020-07-10,460
2020-07-11,434
2020-07-12,470
2020-07-13,483
2020-07-14,494
2020-07-15,527
2020-07-16,554
2020-07-17,585
2020-07-18,593
2020-07-19,601
2020-07-20,535
2020-07-21,607
2020-07-22,587
2020-07-23,594
2020-07-24,612
2020-07-25,675
2020-07-26,0
2020-07-27,1198
2020-07-28,616
2020-07-29,642
2020-07-30,614
2020-07-31,602
2020-08-01,563
2020-08-02,556
2020-08-03,515
2020-08-04,507
2020-08-05,532
2020-08-06,551
2020-08-07,571
2020-08-08,529
2020-08-09,538
2020-08-10,521
2020-08-11,498
2020-08-12,492
2020-08-13,495
2020-08-14,488
2020-08-15,477
2020-08-16,469
2020-08-17,450
2020-08-18,442
2020-08-19,0
2020-08-20,822
2020-08-21,411
2020-08-22,0
2020-08-23,810
2020-08-24,392
2020-08-25,398
2020-08-26,370
2020-08-27,391
2020-08-28,397
2020-08-29,387
2020-08-30,379
2020-08-31,364
2020-09-01,348
2020-09-02,339
2020-09-03,325
2020-09-04,311
2020-09-05,304
2020-09-06,298
2020-09-07,293
2020-09-08,289
2020-09-09,285
2020-09-10,278
2020-09-11,272
2020-09-12,264
2020-09-13,255
2020-09-14,0
2020-09-15,489
2020-09-16,238
2020-09-17,232
2020-09-18,228
2020-09-19,219
2020-09-20,210
2020-09-21,203
2020-09-22,197
2020-09-23,191
2020-09-24,186
2020-09-25,0
2020-09-26,354
2020-09-27,160
2020-01-03,0
2020-01-04,0
2020-01-05,0
2020-01-06,0
2020-01-07,0
2020-01-08,0
2020-01-09,0
2020-01-10,0
2020-01-11,0
2020-01-12,0
2020-01-13,0
2020-01-14,0
2020-01-15,0
2020-01-16,0
2020-01-17,0
2020-01-18,0
2020-01-19,0
2020-01-20,0
2020-01-21,0
2020-01-22,0
2020-01-23,0
2020-01-24,0
2020-01-25,0
2020-01-26,0
2020-01-27,0
2020-01-28,0
2020-01-29,0
2020-01-30,0
2020-01-31,0
2020-02-01,0
2020-02-02,0
2020-02-03,0
2020-02-04,0
2020-02-05,0
2020-02-06,0
2020-02-07,0
2020-02-08,0
2020-02-09,0
2020-02-10,0
2020-02-11,0
2020-02-12,0
2020-02-13,0
2020-02-14,0
2020-02-15,0
2020-02-16,0
2020-02-17,0
2020-02-18,0
2020-02-19,0
2020-02-20,0
2020-02-21,0
2020-02-22,0
2020-02-23,0
2020-02-24,0
2020-02-25,0
2020-02-26,0
2020-02-27,0
2020-02-28,0
2020-02-29,0
2020-03-01,0
2020-03-02,0
2020-03-03,0
2020-03-04,0
2020-03-05,0
2020-03-06,0
2020-03-07,0
2020-03-08,0
2020-03-09,0
2020-03-10,0
2020-03-11,0
2020-03-12,0
2020-03-13,0
2020-03-14,0
2020-03-15,0
2020-03-16,0
2020-03-17,0
2020-03-18,0
2020-03-19,0
2020-03-20,0
2020-03-21,0
2020-03-22,0
2020-03-23,0
2020-03-24,0
2020-03-25,0
2020-03-26,0
2020-03-27,0
2020-03-28,0
2020-03-29,0
2020-03-30,0
2020-03-31,0
2020-04-01,0
2020-04-02,0
2020-04-03,0
2020-04-04,0
2020-04-05,0
2020-04-06,0
2020-04-07,0
2020-04-08,0
2020-04-09,0
2020-04-10,0
2020-04-11,0
2020-04-12,0
2020-04-13,0
2020-04-14,0
2020-04-15,0
2020-04-16,0
2020-04-17,0
2020-04-18,0
2020-04-19,0
2020-04-20,0
2020-04-21,0
2020-04-22,0
2020-04-23,0
2020-04-24,0
2020-04-25,0
2020-04-26,0
2020-04-27,0
2020-04-28,0
2020-04-29,0
2020-04-30,0
2020-05-01,0
2020-05-02,0
2020-05-03,0
2020-05-04,0
2020-05-05,0
2020-05-06,0
2020-05-07,0
2020-05-08,0
2020-05-09,0
2020-05-10,0
2020-05-11,0
2020-05-12,0
2020-05-13,0
2020-05-14,0
2020-05-15,0
2020-05-16,0
2020-05-17,0
2020-05-18,0
2020-05-19,0
2020-05-20,0
2020-05-21,0
2020-05-22,0
2020-05-23,0
2020-05-24,0
2020-05-25,0
2020-05-26,0
2020-05-27,0
2020-05-28,0
2020-05-29,0
2020-05-30,0
2020-05-31,0
2020-06-01,0
2020-06-02,0
2020-06-03,0
2020-06-04,0
2020-06-05,0
2020-06-06,0
2020-06-07,0
2020-06-08,0
2020-06-09,0
2020-06-10,0
2020-06-11,0
2020-06-12,0
2020-06-13,0
2020-06-14,0
2020-06-15,0
2020-06-16,0
2020-06-17,0
2020-06-18,0
2020-06-19,0
2020-06-20,0
2020-06-21,0
2020-06-22,0
2020-06-23,0
2020-06-24,0
2020-06-25,0
2020-06-26,0
2020-06-27,0
2020-06-28,0
2020-06-29,0
2020-06-30,0
2020-07-01,0
2020-07-02,0
2020-07-03,0
2020-07-04,0
2020-07-05,0
2020-07-06,0
2020-07-07,0
2020-07-08,0
2020-07-09,0
2020-07-10,0
2020-07-11,0
2020-07-12,0
2020-07-13,0
2020-07-14,0
2020-07-15,0
2020-07-16,0
2020-07-17,0
2020-07-18,0
2020-07-19,0
2020-07-20,0
2020-07-21,0
2020-07-22,0
2020-07-23,0
2020-07-24,0
2020-07-25,0
2020-07-26,0
2020-07-27,0
2020-07-28,0
2020-07-29,0
2020-07-30,0
2020-07-31,0
2020-08-01,0
2020-08-02,0
2020-08-03,0
2020-08-04,0
2020-08-05,0
2020-08-06,0
2020-08-07,0
2020-08-08,0
2020-08-09,0
2020-08-10,0
2020-08-11,0
2020-08-12,0
2020-08-13,0
2020-08-14,0
2020-08-15,0
2020-08-16,0
2020-08-17,0
2020-08-18,0
2020-08-19,0
2020-08-20,0
2020-08-21,0
2020-08-22,0
2020-08-23,0
2020-08-24,0
2020-08-25,0
2020-08-26,0
2020-08-27,0
2020-08-28,0
2020-08-29,0
2020-08-30,0
2020-08-31,0
2020-09-01,0
2020-09-02,0
2020-09-03,0
2020-09-04,0
2020-09-05,0
2020-09-06,0
2020-09-07,0
2020-09-08,0
2020-09-09,0
2020-09-10,0
2020-09-11,0
2020-09-12,0
2020-09-13,0
2020-09-14,0
2020-09-15,0
2020-09-16,0
2020-09-17,0
2020-09-18,0
2020-09-19,0
2020-09-20,0
2020-09-21,0
2020-09-22,0
2020-09-23,0
2020-09-24,0
2020-09-25,0
2020-09-26,0
2020-09-27,0
2020-09-28,0
2020-01-03,0
2020-01-04,0
2020-01-05,0
2020-01-06,0
2020-01-07,0
2020-01-08,0
2020-01-09,0
2020-01-10,0
2020-01-11,0
2020-01-12,0
2020-01-13,0
2020-01-14,0
2020-01-15,0
2020-01-16,0
2020-01-17,0
2020-01-18,0
2020-01-19,0
2020-01-20,0
2020-01-21,0
2020-01-22,0
2020-01-23,0
2020-01-24,0
2020-01-25,0
2020-01-26,0
2020-01-27,0
2020-01-28,0
2020-01-29,0
2020-01-30,0
2020-01-31,0
2020-02-01,0
2020-02-02,0
2020-02-03,0
2020-02-04,0
2020-02-05,0
2020-02-06,0
2020-02-07,0
2020-02-08,0
2020-02-09,0
2020-02-10,0
2020-02-11,0
2020-02-12,0
2020-02-13,0
2020-02-14,0
2020-02-15,0
2020-02-16,0
2020-02-17,0
2020-02-18,0
2020-02-19,0
2020-02-20,0
2020-02-21,0
2020-02-22,0
2020-02-23,0
2020-02-24,0
2020-02-25,0
2020-02-26,0
2020-02-27,0
2020-02-28,0
2020-02-29,0
2020-03-01,0
2020-03-02,0
2020-03-03,1
2020-03-04,0
2020-03-05,0
2020-03-06,0
2020-03-07,0
2020-03-08,0
2020-03-09,0
2020-03-10,0
2020-03-11,0
2020-03-12,0
2020-03-13,0
2020-03-14,1
2020-03-15,0
2020-03-16,0
2020-03-17,12
2020-03-18,25
2020-03-19,0
2020-03-20,36
2020-03-21,19
2020-03-22,39
2020-03-23,1
2020-03-24,31
2020-03-25,48
2020-03-26,18
2020-03-27,58
2020-03-28,32
2020-03-29,20
2020-03-30,29
2020-03-31,6
2020-04-01,20
2020-04-02,0
2020-04-03,33
2020-04-04,13
2020-04-05,24
2020-04-06,57
2020-04-07,17
2020-04-08,11
2020-04-09,15
2020-04-10,23
2020-04-11,13
2020-04-12,20
2020-04-13,17
2020-04-14,12
2020-04-15,8
2020-04-16,14
2020-04-17,21
2020-04-18,9
2020-04-19,1
2020-04-20,13
2020-04-21,1
2020-04-22,5
2020-04-23,1
2020-04-24,2
2020-04-25,7
2020-04-26,5
2020-04-27,2
2020-04-28,1
2020-04-29,1
2020-04-30,2
2020-05-01,2
2020-05-02,0
2020-05-03,1
2020-05-04,2
2020-05-05,2
2020-05-06,0
2020-05-07,1
2020-05-08,0
2020-05-09,2
2020-05-10,0
2020-05-11,2
2020-05-12,0
2020-05-13,3
2020-05-14,2
2020-05-15,0
2020-05-16,0
2020-05-17,0
2020-05-18,0
2020-05-19,0
2020-05-20,0
2020-05-21,1
2020-05-22,0
2020-05-23,0
2020-05-24,1
2020-05-25,0
2020-05-26,0
2020-05-27,0
2020-05-28,0
2020-05-29,1
2020-05-30,0
2020-05-31,0
2020-06-01,0
2020-06-02,1
2020-06-03,79
2020-06-04,7
2020-06-05,1
2020-06-06,0
2020-06-07,0
2020-06-08,0
2020-06-09,0
2020-06-10,0
2020-06-11,0
2020-06-12,0
2020-06-13,1
2020-06-14,0
2020-06-15,0
2020-06-16,0
2020-06-17,1
2020-06-18,0
2020-06-19,1
2020-06-20,0
2020-06-21,0
2020-06-22,0
2020-06-23,0
2020-06-24,0
2020-06-25,0
2020-06-26,0
2020-06-27,0
2020-06-28,0
2020-06-29,0
2020-06-30,0
2020-07-01,0
2020-07-02,0
2020-07-03,0
2020-07-04,0
2020-07-05,0
2020-07-06,0
2020-07-07,0
2020-07-08,0
2020-07-09,0
2020-07-10,0
2020-07-11,0
2020-07-12,0
2020-07-13,0
2020-07-14,3
2020-07-15,3
2020-07-16,1
2020-07-17,15
2020-07-18,3
2020-07-19,0
2020-07-20,0
2020-07-21,4
2020-07-22,0
2020-07-23,5
2020-07-24,0
2020-07-25,8
2020-07-26,0
2020-07-27,7
2020-07-28,3
2020-07-29,4
2020-07-30,7
2020-07-31,4
2020-08-01,3
2020-08-02,5
2020-08-03,6
2020-08-04,1
2020-08-05,2
2020-08-06,0
2020-08-07,6
2020-08-08,11
2020-08-09,0
2020-08-10,0
2020-08-11,7
2020-08-12,10
2020-08-13,4
2020-08-14,4
2020-08-15,8
2020-08-16,8
2020-08-17,0
2020-08-18,8
2020-08-19,7
2020-08-20,12
2020-08-21,12
2020-08-22,11
2020-08-23,0
2020-08-24,0
2020-08-25,13
2020-08-26,0
2020-08-27,38
2020-08-28,13
2020-08-29,13
2020-08-30,0
2020-08-31,0
2020-09-01,52
2020-09-02,8
2020-09-03,15
2020-09-04,9
2020-09-05,7
2020-09-06,0
2020-09-07,0
2020-09-08,46
2020-09-09,0
2020-09-10,40
2020-09-11,0
2020-09-12,43
2020-09-13,0
2020-09-14,0
2020-09-15,94
2020-09-16,0
2020-09-17,45
2020-09-18,0
2020-09-19,81
2020-09-20,0
2020-09-21,0
2020-09-22,117
2020-09-23,0
2020-09-24,72
2020-09-25,0
2020-09-26,83
2020-09-27,0
2020-01-03,0
2020-01-04,0
2020-01-05,0
2020-01-06,0
2020-01-07,0
2020-01-08,0
2020-01-09,0
2020-01-10,0
2020-01-11,0
2020-01-12,0
2020-01-13,0
2020-01-14,0
2020-01-15,0
2020-01-16,0
2020-01-17,0
2020-01-18,0
2020-01-19,0
2020-01-20,0
2020-01-21,0
2020-01-22,0
2020-01-23,0
2020-01-24,0
2020-01-25,0
2020-01-26,0
2020-01-27,0
2020-01-28,0
2020-01-29,0
2020-01-30,0
2020-01-31,0
2020-02-01,0
2020-02-02,0
2020-02-03,0
2020-02-04,0
2020-02-05,0
2020-02-06,0
2020-02-07,0
2020-02-08,0
2020-02-09,0
2020-02-10,0
2020-02-11,0
2020-02-12,0
2020-02-13,0
2020-02-14,0
2020-02-15,0
2020-02-16,0
2020-02-17,0
2020-02-18,0
2020-02-19,0
2020-02-20,0
2020-02-21,0
2020-02-22,0
2020-02-23,0
2020-02-24,0
2020-02-25,0
2020-02-26,0
2020-02-27,0
2020-02-28,0
2020-02-29,0
2020-03-01,0
2020-03-02,0
2020-03-03,0
2020-03-04,0
2020-03-05,0
2020-03-06,0
2020-03-07,0
2020-03-08,0
2020-03-09,0
2020-03-10,0
2020-03-11,0
2020-03-12,0
2020-03-13,0
2020-03-14,0
2020-03-15,0
2020-03-16,0
2020-03-17,0
2020-03-18,0
2020-03-19,0
2020-03-20,0
2020-03-21,2
2020-03-22,0
2020-03-23,0
2020-03-24,0
2020-03-25,0
2020-03-26,0
2020-03-27,0
2020-03-28,0
2020-03-29,0
2020-03-30,0
2020-03-31,5
2020-04-01,0
2020-04-02,1
2020-04-03,0
2020-04-04,2
2020-04-05,0
2020-04-06,4
2020-04-07,2
2020-04-08,1
2020-04-09,2
2020-04-10,0
2020-04-11,0
2020-04-12,0
2020-04-13,0
2020-04-14,0
2020-04-15,0
2020-04-16,0
2020-04-17,0
2020-04-18,0
2020-04-19,0
2020-04-20,0
2020-04-21,5
2020-04-22,0
2020-04-23,0
2020-04-24,1
2020-04-25,0
2020-04-26,0
2020-04-27,1
2020-04-28,1
2020-04-29,0
2020-04-30,0
2020-05-01,0
2020-05-02,2
2020-05-03,6
2020-05-04,0
2020-05-05,0
2020-05-06,1
2020-05-07,0
2020-05-08,0
2020-05-09,0
2020-05-10,7
2020-05-11,2
2020-05-12,0
2020-05-13,0
2020-05-14,0
2020-05-15,3
2020-05-16,0
2020-05-17,0
2020-05-18,0
2020-05-19,2
2020-05-20,2
2020-05-21,6
2020-05-22,2
2020-05-23,0
2020-05-24,0
2020-05-25,9
2020-05-26,0
2020-05-27,2
2020-05-28,0
2020-05-29,2
2020-05-30,8
2020-05-31,3
2020-06-01,2
2020-06-02,0
2020-06-03,0
2020-06-04,0
2020-06-05,0
2020-06-06,0
2020-06-07,0
2020-06-08,5
2020-06-09,1
2020-06-10,4
2020-06-11,17
2020-06-12,5
2020-06-13,12
2020-06-14,8
2020-06-15,2
2020-06-16,2
2020-06-17,0
2020-06-18,13
2020-06-19,11
2020-06-20,0
2020-06-21,6
2020-06-22,4
2020-06-23,7
2020-06-24,6
2020-06-25,8
2020-06-26,15
2020-06-27,0
2020-06-28,47
2020-06-29,8
2020-06-30,9
2020-07-01,8
2020-07-02,7
2020-07-03,24
2020-07-04,13
2020-07-05,18
2020-07-06,7
2020-07-07,0
2020-07-08,33
2020-07-09,10
2020-07-10,62
2020-07-11,4
2020-07-12,21
2020-07-13,23
2020-07-14,19
2020-07-15,16
2020-07-16,35
2020-07-17,31
2020-07-18,31
2020-07-19,49
2020-07-20,18
2020-07-21,44
2020-07-22,30
2020-07-23,33
2020-07-24,39
2020-07-25,29
2020-07-26,36
2020-07-27,16
2020-07-28,18
2020-07-29,50
2020-07-30,78
2020-07-31,31
2020-08-01,0
2020-08-02,39
2020-08-03,16
2020-08-04,116
2020-08-05,64
2020-08-06,51
2020-08-07,88
2020-08-08,55
2020-08-09,34
2020-08-10,100
2020-08-11,7
2020-08-12,56
2020-08-13,27
2020-08-14,53
2020-08-15,37
2020-08-16,27
2020-08-17,27
2020-08-18,29
2020-08-19,31
2020-08-20,49
2020-08-21,29
2020-08-22,24
2020-08-23,66
2020-08-24,37
2020-08-25,51
2020-08-26,61
2020-08-27,49
2020-08-28,83
2020-08-29,56
2020-08-30,80
2020-08-31,73
2020-09-01,30
2020-09-02,75
2020-09-03,48
2020-09-04,28
2020-09-05,71
2020-09-06,59
2020-09-07,30
2020-09-08,16
2020-09-09,52
2020-09-10,59
2020-09-11,125
2020-09-12,62
2020-09-13,56
2020-09-14,53
2020-09-15,51
2020-09-16,130
2020-09-17,106
2020-09-18,114
2020-09-19,59
2020-09-20,53
2020-09-21,90
2020-09-22,0
2020-09-23,245
2020-09-24,127
2020-09-25,112
2020-09-26,115
2020-09-27,82
2020-01-03,0
2020-01-04,0
2020-01-05,0
2020-01-06,0
2020-01-07,0
2020-01-08,0
2020-01-09,0
2020-01-10,0
2020-01-11,0
2020-01-12,0
2020-01-13,0
2020-01-14,0
2020-01-15,0
2020-01-16,0
2020-01-17,0
2020-01-18,0
2020-01-19,0
2020-01-20,0
2020-01-21,0
2020-01-22,0
2020-01-23,0
2020-01-24,0
2020-01-25,0
2020-01-26,0
2020-01-27,0
2020-01-28,0
2020-01-29,0
2020-01-30,0
2020-01-31,0
2020-02-01,0
2020-02-02,0
2020-02-03,0
2020-02-04,0
2020-02-05,0
2020-02-06,0
2020-02-07,0
2020-02-08,0
2020-02-09,0
2020-02-10,0
2020-02-11,0
2020-02-12,0
2020-02-13,0
2020-02-14,0
2020-02-15,0
2020-02-16,0
2020-02-17,0
2020-02-18,0
2020-02-19,0
2020-02-20,0
2020-02-21,0
2020-02-22,0
2020-02-23,0
2020-02-24,0
2020-02-25,0
2020-02-26,0
2020-02-27,0
2020-02-28,0
2020-02-29,0
2020-03-01,0
2020-03-02,0
2020-03-03,0
2020-03-04,0
2020-03-05,0
2020-03-06,0
2020-03-07,0
2020-03-08,0
2020-03-09,0
2020-03-10,0
2020-03-11,0
2020-03-12,0
2020-03-13,0
2020-03-14,0
2020-03-15,0
2020-03-16,0
2020-03-17,0
2020-03-18,0
2020-03-19,0
2020-03-20,0
2020-03-21,0
2020-03-22,0
2020-03-23,0
2020-03-24,0
2020-03-25,0
2020-03-26,2
2020-03-27,0
2020-03-28,0
2020-03-29,0
2020-03-30,0
2020-03-31,0
2020-04-01,0
2020-04-02,0
2020-04-03,0
2020-04-04,1
2020-04-05,0
2020-04-06,0
2020-04-07,0
2020-04-08,0
2020-04-09,0
2020-04-10,0
2020-04-11,0
2020-04-12,0
2020-04-13,0
2020-04-14,0
2020-04-15,0
2020-04-16,0
2020-04-17,0
2020-04-18,0
2020-04-19,0
2020-04-20,0
2020-04-21,0
2020-04-22,0
2020-04-23,0
2020-04-24,0
2020-04-25,0
2020-04-26,0
2020-04-27,0
2020-04-28,0
2020-04-29,0
2020-04-30,0
2020-05-01,0
2020-05-02,0
2020-05-03,0
2020-05-04,0
2020-05-05,0
2020-05-06,0
2020-05-07,0
2020-05-08,0
2020-05-09,0
2020-05-10,0
2020-05-11,0
2020-05-12,0
2020-05-13,0
2020-05-14,0
2020-05-15,0
2020-05-16,0
2020-05-17,0
2020-05-18,0
2020-05-19,0
2020-05-20,0
2020-05-21,0
2020-05-22,0
2020-05-23,0
2020-05-24,0
2020-05-25,0
2020-05-26,0
2020-05-27,0
2020-05-28,0
2020-05-29,0
2020-05-30,0
2020-05-31,0
2020-06-01,0
2020-06-02,0
2020-06-03,0
2020-06-04,0
2020-06-05,0
2020-06-06,0
2020-06-07,0
2020-06-08,0
2020-06-09,0
2020-06-10,0
2020-06-11,0
2020-06-12,0
2020-06-13,0
2020-06-14,0
2020-06-15,0
2020-06-16,0
2020-06-17,0
2020-06-18,0
2020-06-19,0
2020-06-20,0
2020-06-21,0
2020-06-22,0
2020-06-23,0
2020-06-24,0
2020-06-25,0
2020-06-26,0
2020-06-27,0
2020-06-28,0
2020-06-29,0
2020-06-30,0
2020-07-01,0
2020-07-02,0
2020-07-03,0
2020-07-04,0
2020-07-05,0
2020-07-06,0
2020-07-07,0
2020-07-08,0
2020-07-09,0
2020-07-10,0
2020-07-11,0
2020-07-12,0
2020-07-13,0
2020-07-14,0
2020-07-15,0
2020-07-16,0
2020-07-17,0
2020-07-18,0
2020-07-19,0
2020-07-20,0
2020-07-21,0
2020-07-22,0
2020-07-23,0
2020-07-24,0
2020-07-25,0
2020-07-26,0
2020-07-27,0
2020-07-28,0
2020-07-29,0
2020-07-30,0
2020-07-31,0
2020-08-01,0
2020-08-02,0
2020-08-03,0
2020-08-04,0
2020-08-05,0
2020-08-06,0
2020-08-07,0
2020-08-08,0
2020-08-09,0
2020-08-10,0
2020-08-11,0
2020-08-12,0
2020-08-13,0
2020-08-14,0
2020-08-15,0
2020-08-16,0
2020-08-17,0
2020-08-18,0
2020-08-19,0
2020-08-20,0
2020-08-21,0
2020-08-22,0
2020-08-23,0
2020-08-24,0
2020-08-25,0
2020-08-26,0
2020-08-27,0
2020-08-28,0
2020-08-29,0
2020-08-30,0
2020-08-31,0
2020-09-01,0
2020-09-02,0
2020-09-03,0
2020-09-04,0
2020-09-05,0
2020-09-06,0
2020-09-07,0
2020-09-08,0
2020-09-09,0
2020-09-10,0
2020-09-11,0
2020-09-12,0
2020-09-13,0
2020-09-14,0
2020-09-15,0
2020-09-16,0
2020-09-17,0
2020-09-18,0
2020-09-19,0
2020-09-20,0
2020-09-21,0
2020-09-22,0
2020-09-23,0
2020-09-24,0
2020-09-25,0
2020-09-26,0
2020-09-27,0
2020-09-28,0
2020-01-03,0
2020-01-04,0
2020-01-05,0
2020-01-06,0
2020-01-07,0
2020-01-08,0
2020-01-09,0
2020-01-10,0
2020-01-11,0
2020-01-12,0
2020-01-13,0
2020-01-14,0
2020-01-15,0
2020-01-16,0
2020-01-17,0
2020-01-18,0
2020-01-19,0
2020-01-20,0
2020-01-21,0
2020-01-22,0
2020-01-23,0
2020-01-24,0
2020-01-25,0
2020-01-26,0
2020-01-27,0
2020-01-28,0
2020-01-29,0
2020-01-30,0
2020-01-31,0
2020-02-01,0
2020-02-02,0
2020-02-03,0
2020-02-04,0
2020-02-05,0
2020-02-06,0
2020-02-07,0
2020-02-08,0
2020-02-09,0
2020-02-10,0
2020-02-11,0
2020-02-12,0
2020-02-13,0
2020-02-14,0
2020-02-15,0
2020-02-16,0
2020-02-17,0
2020-02-18,0
2020-02-19,0
2020-02-20,0
2020-02-21,0
2020-02-22,0
2020-02-23,0
2020-02-24,0
2020-02-25,0
2020-02-26,0
2020-02-27,0
2020-02-28,0
2020-02-29,0
2020-03-01,0
2020-03-02,0
2020-03-03,0
2020-03-04,0
2020-03-05,0
2020-03-06,0
2020-03-07,0
2020-03-08,0
2020-03-09,0
2020-03-10,0
2020-03-11,0
2020-03-12,0
2020-03-13,5
2020-03-14,0
2020-03-15,0
2020-03-16,0
2020-03-17,0
2020-03-18,0
2020-03-19,0
2020-03-20,0
2020-03-21,0
2020-03-22,0
2020-03-23,0
2020-03-24,-2
2020-03-25,0
2020-03-26,0
2020-03-27,0
2020-03-28,4
2020-03-29,0
2020-03-30,0
2020-03-31,0
2020-04-01,0
2020-04-02,0
2020-04-03,0
2020-04-04,0
2020-04-05,0
2020-04-06,0
2020-04-07,8
2020-04-08,0
2020-04-09,4
2020-04-10,0
2020-04-11,0
2020-04-12,2
2020-04-13,0
2020-04-14,2
2020-04-15,0
2020-04-16,0
2020-04-17,0
2020-04-18,0
2020-04-19,0
2020-04-20,0
2020-04-21,0
2020-04-22,0
2020-04-23,1
2020-04-24,0
2020-04-25,0
2020-04-26,0
2020-04-27,0
2020-04-28,0
2020-04-29,0
2020-04-30,0
2020-05-01,0
2020-05-02,0
2020-05-03,0
2020-05-04,1
2020-05-05,0
2020-05-06,0
2020-05-07,0
2020-05-08,0
2020-05-09,0
2020-05-10,0
2020-05-11,0
2020-05-12,0
2020-05-13,0
2020-05-14,0
2020-05-15,0
2020-05-16,0
2020-05-17,0
2020-05-18,0
2020-05-19,0
2020-05-20,0
2020-05-21,0
2020-05-22,0
2020-05-23,0
2020-05-24,0
2020-05-25,0
2020-05-26,0
2020-05-27,0
2020-05-28,0
2020-05-29,0
2020-05-30,0
2020-05-31,0
2020-06-01,0
2020-06-02,0
2020-06-03,0
2020-06-04,0
2020-06-05,0
2020-06-06,0
2020-06-07,0
2020-06-08,0
2020-06-09,0
2020-06-10,0
2020-06-11,0
2020-06-12,0
2020-06-13,0
2020-06-14,1
2020-06-15,0
2020-06-16,0
2020-06-17,0
2020-06-18,0
2020-06-19,0
2020-06-20,0
2020-06-21,0
2020-06-22,0
2020-06-23,0
2020-06-24,0
2020-06-25,0
2020-06-26,0
2020-06-27,0
2020-06-28,0
2020-06-29,39
2020-06-30,0
2020-07-01,1
2020-07-02,0
2020-07-03,2
2020-07-04,0
2020-07-05,0
2020-07-06,0
2020-07-07,0
2020-07-08,2
2020-07-09,0
2020-07-10,3
2020-07-11,0
2020-07-12,1
2020-07-13,0
2020-07-14,0
2020-07-15,0
2020-07-16,0
2020-07-17,0
2020-07-18,0
2020-07-19,2
2020-07-20,0
2020-07-21,0
2020-07-22,0
2020-07-23,0
2020-07-24,0
2020-07-25,0
2020-07-26,6
2020-07-27,0
2020-07-28,0
2020-07-29,4
2020-07-30,0
2020-07-31,5
2020-08-01,0
2020-08-02,0
2020-08-03,0
2020-08-04,0
2020-08-05,1
2020-08-06,0
2020-08-07,0
2020-08-08,0
2020-08-09,0
2020-08-10,0
2020-08-11,0
2020-08-12,0
2020-08-13,0
2020-08-14,0
2020-08-15,1
2020-08-16,0
2020-08-17,0
2020-08-18,0
2020-08-19,0
2020-08-20,1
2020-08-21,0
2020-08-22,0
2020-08-23,0
2020-08-24,0
2020-08-25,0
2020-08-26,0
2020-08-27,0
2020-08-28,0
2020-08-29,0
2020-08-30,0
2020-08-31,0
2020-09-01,0
2020-09-02,0
2020-09-03,0
2020-09-04,1
2020-09-05,0
2020-09-06,0
2020-09-07,0
2020-09-08,0
2020-09-09,0
2020-09-10,0
2020-09-11,0
2020-09-12,0
2020-09-13,0
2020-09-14,0
2020-09-15,0
2020-09-16,0
2020-09-17,0
2020-09-18,0
2020-09-19,0
2020-09-20,0
2020-09-21,1
2020-09-22,0
2020-09-23,0
2020-09-24,1
2020-09-25,0
2020-09-26,1
2020-09-27,0
2020-09-28,3
2020-01-03,0
2020-01-04,0
2020-01-05,0
2020-01-06,0
2020-01-07,0
2020-01-08,0
2020-01-09,0
2020-01-10,0
2020-01-11,0
2020-01-12,0
2020-01-13,0
2020-01-14,0
2020-01-15,0
2020-01-16,0
2020-01-17,0
2020-01-18,0
2020-01-19,0
2020-01-20,0
2020-01-21,0
2020-01-22,0
2020-01-23,0
2020-01-24,0
2020-01-25,0
2020-01-26,0
2020-01-27,0
2020-01-28,0
2020-01-29,0
2020-01-30,0
2020-01-31,0
2020-02-01,0
2020-02-02,0
2020-02-03,0
2020-02-04,0
2020-02-05,0
2020-02-06,0
2020-02-07,0
2020-02-08,0
2020-02-09,0
2020-02-10,0
2020-02-11,0
2020-02-12,0
2020-02-13,0
2020-02-14,0
2020-02-15,0
2020-02-16,0
2020-02-17,0
2020-02-18,0
2020-02-19,0
2020-02-20,0
2020-02-21,0
2020-02-22,0
2020-02-23,0
2020-02-24,0
2020-02-25,0
2020-02-26,0
2020-02-27,0
2020-02-28,0
2020-02-29,0
2020-03-01,0
2020-03-02,0
2020-03-03,5
2020-03-04,0
2020-03-05,0
2020-03-06,1
2020-03-07,7
2020-03-08,3
2020-03-09,0
2020-03-10,0
2020-03-11,5
2020-03-12,2
2020-03-13,12
2020-03-14,14
2020-03-15,0
2020-03-16,11
2020-03-17,9
2020-03-18,32
2020-03-19,0
2020-03-20,27
2020-03-21,30
2020-03-22,0
2020-03-23,67
2020-03-24,76
2020-03-25,0
2020-03-26,201
2020-03-27,0
2020-03-28,87
2020-03-29,101
2020-03-30,55
2020-03-31,75
2020-04-01,146
2020-04-02,88
2020-04-03,79
2020-04-04,132
2020-04-05,88
2020-04-06,98
2020-04-07,103
2020-04-08,74
2020-04-09,87
2020-04-10,80
2020-04-11,134
2020-04-12,46
2020-04-13,0
2020-04-14,277
2020-04-15,84
2020-04-16,141
2020-04-17,121
2020-04-18,96
2020-04-19,90
2020-04-20,55
2020-04-21,121
2020-04-22,113
2020-04-23,124
2020-04-24,143
2020-04-25,139
2020-04-26,222
2020-04-27,137
2020-04-28,54
2020-04-29,127
2020-04-30,182
2020-05-01,103
2020-05-02,172
2020-05-03,56
2020-05-04,149
2020-05-05,118
2020-05-06,123
2020-05-07,154
2020-05-08,229
2020-05-09,225
2020-05-10,150
2020-05-11,244
2020-05-12,110
2020-05-13,244
2020-05-14,285
2020-05-15,410
2020-05-16,161
2020-05-17,345
2020-05-18,326
2020-05-19,263
2020-05-20,303
2020-05-21,438
2020-05-22,474
2020-05-23,648
2020-05-24,718
2020-05-25,704
2020-05-26,723
2020-05-27,552
2020-05-28,600
2020-05-29,705
2020-05-30,769
2020-05-31,0
2020-06-01,1512
2020-06-02,637
2020-06-03,564
2020-06-04,904
2020-06-05,949
2020-06-06,929
2020-06-07,840
2020-06-08,983
2020-06-09,774
2020-06-10,826
2020-06-11,1141
2020-06-12,1226
2020-06-13,1386
2020-06-14,1391
2020-06-15,1531
2020-06-16,1282
2020-06-17,1208
2020-06-18,1374
2020-06-19,1393
2020-06-20,1958
2020-06-21,2060
2020-06-22,1634
2020-06-23,1581
2020-06-24,2146
2020-06-25,2285
2020-06-26,2635
2020-06-27,2606
2020-06-28,2886
2020-06-29,2401
2020-06-30,2189
2020-07-01,2335
2020-07-02,2262
2020-07-03,2667
2020-07-04,2744
2020-07-05,2845
2020-07-06,2590
2020-07-07,2439
2020-07-08,2632
2020-07-09,2979
2020-07-10,3604
2020-07-11,3663
2020-07-12,3367
2020-07-13,3449
2020-07-14,2657
2020-07-15,3099
2020-07-16,3645
2020-07-17,4250
2020-07-18,3623
2020-07-19,4518
2020-07-20,3223
2020-07-21,4231
2020-07-22,4019
2020-07-23,5344
2020-07-24,5782
2020-07-25,6127
2020-07-26,5493
2020-07-27,4801
2020-07-28,4205
2020-07-29,4890
2020-07-30,5939
2020-07-31,5641
2020-08-01,6377
2020-08-02,5929
2020-08-03,5241
2020-08-04,5376
2020-08-05,4824
2020-08-06,6792
2020-08-07,7147
2020-08-08,7513
2020-08-09,7482
2020-08-10,6134
2020-08-11,4688
2020-08-12,7369
2020-08-13,7043
2020-08-14,7663
2020-08-15,7498
2020-08-16,6365
2020-08-17,6663
2020-08-18,5469
2020-08-19,4557
2020-08-20,6840
2020-08-21,6693
2020-08-22,8225
2020-08-23,8159
2020-08-24,7759
2020-08-25,5352
2020-08-26,8713
2020-08-27,8771
2020-08-28,10550
2020-08-29,10104
2020-08-30,11717
2020-08-31,9230
2020-09-01,7187
2020-09-02,9309
2020-09-03,10504
2020-09-04,10933
2020-09-05,12026
2020-09-06,10684
2020-09-07,9924
2020-09-08,6986
2020-09-09,9215
2020-09-10,12027
2020-09-11,12259
2020-09-12,11905
2020-09-13,11507
2020-09-14,10776
2020-09-15,9056
2020-09-16,9909
2020-09-17,11892
2020-09-18,11674
2020-09-19,12701
2020-09-20,11945
2020-09-21,9276
2020-09-22,8431
2020-09-23,8782
2020-09-24,12027
2020-09-25,12625
2020-09-26,13467
2020-09-27,12969
2020-09-28,11249
2020-01-03,0
2020-01-04,0
2020-01-05,0
2020-01-06,0
2020-01-07,0
2020-01-08,0
2020-01-09,0
2020-01-10,0
2020-01-11,0
2020-01-12,0
2020-01-13,0
2020-01-14,0
2020-01-15,0
2020-01-16,0
2020-01-17,0
2020-01-18,0
2020-01-19,0
2020-01-20,0
2020-01-21,0
2020-01-22,0
2020-01-23,0
2020-01-24,0
2020-01-25,0
2020-01-26,0
2020-01-27,0
2020-01-28,0
2020-01-29,0
2020-01-30,0
2020-01-31,0
2020-02-01,0
2020-02-02,0
2020-02-03,0
2020-02-04,0
2020-02-05,0
2020-02-06,0
2020-02-07,0
2020-02-08,0
2020-02-09,0
2020-02-10,0
2020-02-11,0
2020-02-12,0
2020-02-13,0
2020-02-14,0
2020-02-15,0
2020-02-16,0
2020-02-17,0
2020-02-18,0
2020-02-19,0
2020-02-20,0
2020-02-21,0
2020-02-22,0
2020-02-23,0
2020-02-24,0
2020-02-25,0
2020-02-26,0
2020-02-27,0
2020-02-28,0
2020-02-29,0
2020-03-01,5
2020-03-02,0
2020-03-03,0
2020-03-04,0
2020-03-05,0
2020-03-06,0
2020-03-07,0
2020-03-08,0
2020-03-09,0
2020-03-10,0
2020-03-11,0
2020-03-12,0
2020-03-13,7
2020-03-14,0
2020-03-15,18
2020-03-16,26
2020-03-17,0
2020-03-18,32
2020-03-19,34
2020-03-20,14
2020-03-21,24
2020-03-22,0
2020-03-23,30
2020-03-24,45
2020-03-25,30
2020-03-26,25
2020-03-27,39
2020-03-28,43
2020-03-29,52
2020-03-30,58
2020-03-31,0
2020-04-01,50
2020-04-02,39
2020-04-03,69
2020-04-04,96
2020-04-05,10
2020-04-06,0
2020-04-07,87
2020-04-08,44
2020-04-09,44
2020-04-10,16
2020-04-11,0
2020-04-12,76
2020-04-13,26
2020-04-14,0
2020-04-15,28
2020-04-16,68
2020-04-17,24
2020-04-18,42
2020-04-19,47
2020-04-20,43
2020-04-21,48
2020-04-22,38
2020-04-23,96
2020-04-24,50
2020-04-25,73
2020-04-26,150
2020-04-27,62
2020-04-28,59
2020-04-29,65
2020-04-30,134
2020-05-01,82
2020-05-02,125
2020-05-03,113
2020-05-04,121
2020-05-05,112
2020-05-06,163
2020-05-07,102
2020-05-08,145
2020-05-09,146
2020-05-10,138
2020-05-11,79
2020-05-12,146
2020-05-13,180
2020-05-14,118
2020-05-15,208
2020-05-16,239
2020-05-17,189
2020-05-18,351
2020-05-19,218
2020-05-20,230
2020-05-21,335
2020-05-22,322
2020-05-23,374
2020-05-24,359
2020-05-25,452
2020-05-26,289
2020-05-27,372
2020-05-28,442
2020-05-29,460
2020-05-30,251
2020-05-31,355
2020-06-01,210
2020-06-02,517
2020-06-03,515
2020-06-04,697
2020-06-05,596
2020-06-06,547
2020-06-07,766
2020-06-08,195
2020-06-09,350
2020-06-10,428
2020-06-11,566
2020-06-12,612
2020-06-13,723
2020-06-14,663
2020-06-15,397
2020-06-16,425
2020-06-17,544
2020-06-18,665
2020-06-19,459
2020-06-20,551
2020-06-21,560
2020-06-22,320
2020-06-23,418
2020-06-24,711
2020-06-25,771
2020-06-26,759
2020-06-27,662
2020-06-28,736
2020-06-29,482
2020-06-30,415
2020-07-01,523
2020-07-02,593
2020-07-03,662
2020-07-04,580
2020-07-05,706
2020-07-06,330
2020-07-07,349
2020-07-08,535
2020-07-09,526
2020-07-10,557
2020-07-11,489
2020-07-12,577
2020-07-13,182
2020-07-14,339
2020-07-15,515
2020-07-16,554
2020-07-17,442
2020-07-18,461
2020-07-19,415
2020-07-20,104
2020-07-21,273
2020-07-22,439
2020-07-23,469
2020-07-24,451
2020-07-25,383
2020-07-26,321
2020-07-27,73
2020-07-28,239
2020-07-29,308
2020-07-30,259
2020-07-31,354
2020-08-01,291
2020-08-02,209
2020-08-03,52
2020-08-04,196
2020-08-05,288
2020-08-06,233
2020-08-07,66
2020-08-08,300
2020-08-09,225
2020-08-10,23
2020-08-11,160
2020-08-12,201
2020-08-13,229
2020-08-14,276
2020-08-15,196
2020-08-16,168
2020-08-17,38
2020-08-18,145
2020-08-19,210
2020-08-20,263
2020-08-21,158
2020-08-22,139
2020-08-23,176
2020-08-24,33
2020-08-25,111
2020-08-26,131
2020-08-27,203
2020-08-28,181
2020-08-29,175
2020-08-30,124
2020-08-31,31
2020-09-01,97
2020-09-02,197
2020-09-03,196
2020-09-04,190
2020-09-05,188
2020-09-06,134
2020-09-07,62
2020-09-08,108
2020-09-09,199
2020-09-10,174
2020-09-11,177
2020-09-12,172
2020-09-13,187
2020-09-14,107
2020-09-15,150
2020-09-16,257
2020-09-17,295
2020-09-18,239
2020-09-19,244
2020-09-20,277
2020-09-21,121
2020-09-22,115
2020-09-23,210
2020-09-24,374
2020-09-25,392
2020-09-26,429
2020-09-27,328
2020-01-03,0
2020-01-04,0
2020-01-05,0
2020-01-06,0
2020-01-07,0
2020-01-08,0
2020-01-09,0
2020-01-10,0
2020-01-11,0
2020-01-12,0
2020-01-13,0
2020-01-14,0
2020-01-15,0
2020-01-16,0
2020-01-17,0
2020-01-18,0
2020-01-19,0
2020-01-20,0
2020-01-21,0
2020-01-22,0
2020-01-23,0
2020-01-24,0
2020-01-25,0
2020-01-26,0
2020-01-27,0
2020-01-28,0
2020-01-29,0
2020-01-30,0
2020-01-31,0
2020-02-01,0
2020-02-02,0
2020-02-03,0
2020-02-04,0
2020-02-05,0
2020-02-06,0
2020-02-07,0
2020-02-08,0
2020-02-09,0
2020-02-10,0
2020-02-11,0
2020-02-12,0
2020-02-13,0
2020-02-14,0
2020-02-15,0
2020-02-16,0
2020-02-17,0
2020-02-18,0
2020-02-19,0
2020-02-20,0
2020-02-21,0
2020-02-22,0
2020-02-23,0
2020-02-24,0
2020-02-25,0
2020-02-26,0
2020-02-27,0
2020-02-28,0
2020-02-29,0
2020-03-01,0
2020-03-02,0
2020-03-03,0
2020-03-04,0
2020-03-05,0
2020-03-06,0
2020-03-07,0
2020-03-08,0
2020-03-09,0
2020-03-10,0
2020-03-11,0
2020-03-12,0
2020-03-13,0
2020-03-14,0
2020-03-15,0
2020-03-16,0
2020-03-17,6
2020-03-18,2
2020-03-19,-3
2020-03-20,0
2020-03-21,0
2020-03-22,0
2020-03-23,3
2020-03-24,4
2020-03-25,0
2020-03-26,7
2020-03-27,0
2020-03-28,9
2020-03-29,18
2020-03-30,0
2020-03-31,4
2020-04-01,5
2020-04-02,0
2020-04-03,5
2020-04-04,2
2020-04-05,2
2020-04-06,0
2020-04-07,0
2020-04-08,7
2020-04-09,3
2020-04-10,8
2020-04-11,4
2020-04-12,6
2020-04-13,0
2020-04-14,0
2020-04-15,0
2020-04-16,1
2020-04-17,2
2020-04-18,1
2020-04-19,0
2020-04-20,1
2020-04-21,0
2020-04-22,0
2020-04-23,3
2020-04-24,0
2020-04-25,0
2020-04-26,0
2020-04-27,0
2020-04-28,0
2020-04-29,0
2020-04-30,0
2020-05-01,0
2020-05-02,0
2020-05-03,0
2020-05-04,0
2020-05-05,0
2020-05-06,1
2020-05-07,0
2020-05-08,0
2020-05-09,0
2020-05-10,0
2020-05-11,0
2020-05-12,0
2020-05-13,0
2020-05-14,0
2020-05-15,0
2020-05-16,0
2020-05-17,0
2020-05-18,0
2020-05-19,0
2020-05-20,0
2020-05-21,0
2020-05-22,0
2020-05-23,0
2020-05-24,0
2020-05-25,0
2020-05-26,0
2020-05-27,0
2020-05-28,0
2020-05-29,0
2020-05-30,0
2020-05-31,0
2020-06-01,0
2020-06-02,0
2020-06-03,0
2020-06-04,0
2020-06-05,0
2020-06-06,0
2020-06-07,0
2020-06-08,0
2020-06-09,0
2020-06-10,0
2020-06-11,0
2020-06-12,0
2020-06-13,0
2020-06-14,0
2020-06-15,0
2020-06-16,0
2020-06-17,0
2020-06-18,0
2020-06-19,0
2020-06-20,0
2020-06-21,0
2020-06-22,0
2020-06-23,0
2020-06-24,0
2020-06-25,0
2020-06-26,0
2020-06-27,0
2020-06-28,0
2020-06-29,0
2020-06-30,0
2020-07-01,2
2020-07-02,0
2020-07-03,0
2020-07-04,1
2020-07-05,0
2020-07-06,0
2020-07-07,1
2020-07-08,0
2020-07-09,0
2020-07-10,0
2020-07-11,0
2020-07-12,0
2020-07-13,0
2020-07-14,0
2020-07-15,0
2020-07-16,1
2020-07-17,0
2020-07-18,2
2020-07-19,0
2020-07-20,0
2020-07-21,5
2020-07-22,2
2020-07-23,2
2020-07-24,0
2020-07-25,0
2020-07-26,0
2020-07-27,0
2020-07-28,2
2020-07-29,0
2020-07-30,0
2020-07-31,0
2020-08-01,1
2020-08-02,0
2020-08-03,0
2020-08-04,2
2020-08-05,2
2020-08-06,8
2020-08-07,39
2020-08-08,92
2020-08-09,0
2020-08-10,0
2020-08-11,300
2020-08-12,67
2020-08-13,87
2020-08-14,81
2020-08-15,96
2020-08-16,0
2020-08-17,0
2020-08-18,208
2020-08-19,19
2020-08-20,84
2020-08-21,91
2020-08-22,91
2020-08-23,0
2020-08-24,0
2020-08-25,181
2020-08-26,60
2020-08-27,42
2020-08-28,90
2020-08-29,88
2020-08-30,0
2020-08-31,0
2020-09-01,149
2020-09-02,9
2020-09-03,98
2020-09-04,107
2020-09-05,81
2020-09-06,0
2020-09-07,0
2020-09-08,157
2020-09-09,33
2020-09-10,107
2020-09-11,141
2020-09-12,89
2020-09-13,0
2020-09-14,0
2020-09-15,227
2020-09-16,14
2020-09-17,92
2020-09-18,176
2020-09-19,54
2020-09-20,0
2020-09-21,0
2020-09-22,169
2020-09-23,36
2020-09-24,78
2020-09-25,56
2020-09-26,35
2020-09-27,0
2020-09-28,0
2020-01-03,0
2020-01-04,0
2020-01-05,0
2020-01-06,0
2020-01-07,0
2020-01-08,0
2020-01-09,0
2020-01-10,0
2020-01-11,0
2020-01-12,0
2020-01-13,0
2020-01-14,0
2020-01-15,0
2020-01-16,0
2020-01-17,0
2020-01-18,0
2020-01-19,0
2020-01-20,0
2020-01-21,0
2020-01-22,0
2020-01-23,0
2020-01-24,0
2020-01-25,7
2020-01-26,1
2020-01-27,1
2020-01-28,0
2020-01-29,2
2020-01-30,2
2020-01-31,0
2020-02-01,3
2020-02-02,0
2020-02-03,0
2020-02-04,1
2020-02-05,1
2020-02-06,1
2020-02-07,0
2020-02-08,0
2020-02-09,0
2020-02-10,0
2020-02-11,0
2020-02-12,0
2020-02-13,0
2020-02-14,0
2020-02-15,0
2020-02-16,0
2020-02-17,0
2020-02-18,0
2020-02-19,0
2020-02-20,0
2020-02-21,2
2020-02-22,4
2020-02-23,1
2020-02-24,0
2020-02-25,1
2020-02-26,0
2020-02-27,0
2020-02-28,0
2020-02-29,2
2020-03-01,2
2020-03-02,6
2020-03-03,0
2020-03-04,0
2020-03-05,24
2020-03-06,5
2020-03-07,8
2020-03-08,7
2020-03-09,15
2020-03-10,0
2020-03-11,30
2020-03-12,18
2020-03-13,49
2020-03-14,8
2020-03-15,101
2020-03-16,38
2020-03-17,78
2020-03-18,96
2020-03-19,195
2020-03-20,164
2020-03-21,208
2020-03-22,17
2020-03-23,611
2020-03-24,427
2020-03-25,287
2020-03-26,376
2020-03-27,186
2020-03-28,650
2020-03-29,331
2020-03-30,279
2020-03-31,312
2020-04-01,303
2020-04-02,116
2020-04-03,374
2020-04-04,104
2020-04-05,181
2020-04-06,160
2020-04-07,49
2020-04-08,112
2020-04-09,96
2020-04-10,100
2020-04-11,137
2020-04-12,24
2020-04-13,9
2020-04-14,44
2020-04-15,50
2020-04-16,42
2020-04-17,10
2020-04-18,65
2020-04-19,73
2020-04-20,6
2020-04-21,13
2020-04-22,22
2020-04-23,14
2020-04-24,6
2020-04-25,20
2020-04-26,16
2020-04-27,10
2020-04-28,12
2020-04-29,13
2020-04-30,8
2020-05-01,16
2020-05-02,5
2020-05-03,16
2020-05-04,18
2020-05-05,24
2020-05-06,24
2020-05-07,26
2020-05-08,21
2020-05-09,18
2020-05-10,15
2020-05-11,12
2020-05-12,7
2020-05-13,16
2020-05-14,11
2020-05-15,14
2020-05-16,30
2020-05-17,17
2020-05-18,9
2020-05-19,15
2020-05-20,8
2020-05-21,11
2020-05-22,2
2020-05-23,14
2020-05-24,11
2020-05-25,3
2020-05-26,9
2020-05-27,15
2020-05-28,6
2020-05-29,11
2020-05-30,23
2020-05-31,12
2020-06-01,10
2020-06-02,9
2020-06-03,17
2020-06-04,8
2020-06-05,11
2020-06-06,11
2020-06-07,4
2020-06-08,5
2020-06-09,5
2020-06-10,2
2020-06-11,0
2020-06-12,18
2020-06-13,5
2020-06-14,12
2020-06-15,18
2020-06-16,15
2020-06-17,12
2020-06-18,23
2020-06-19,21
2020-06-20,18
2020-06-21,27
2020-06-22,25
2020-06-23,13
2020-06-24,18
2020-06-25,29
2020-06-26,37
2020-06-27,37
2020-06-28,46
2020-06-29,45
2020-06-30,81
2020-07-01,67
2020-07-02,86
2020-07-03,81
2020-07-04,254
2020-07-05,107
2020-07-06,87
2020-07-07,137
2020-07-08,169
2020-07-09,131
2020-07-10,173
2020-07-11,300
2020-07-12,194
2020-07-13,244
2020-07-14,183
2020-07-15,271
2020-07-16,244
2020-07-17,315
2020-07-18,425
2020-07-19,206
2020-07-20,361
2020-07-21,267
2020-07-22,359
2020-07-23,468
2020-07-24,410
2020-07-25,289
2020-07-26,355
2020-07-27,453
2020-07-28,532
2020-07-29,369
2020-07-30,278
2020-07-31,721
2020-08-01,602
2020-08-02,377
2020-08-03,641
2020-08-04,395
2020-08-05,411
2020-08-06,715
2020-08-07,418
2020-08-08,410
2020-08-09,426
2020-08-10,386
2020-08-11,313
2020-08-12,316
2020-08-13,414
2020-08-14,231
2020-08-15,385
2020-08-16,292
2020-08-17,253
2020-08-18,271
2020-08-19,214
2020-08-20,220
2020-08-21,243
2020-08-22,171
2020-08-23,195
2020-08-24,210
2020-08-25,104
2020-08-26,137
2020-08-27,152
2020-08-28,117
2020-08-29,126
2020-08-30,99
2020-08-31,123
2020-09-01,76
2020-09-02,73
2020-09-03,104
2020-09-04,126
2020-09-05,87
2020-09-06,71
2020-09-07,72
2020-09-08,43
2020-09-09,52
2020-09-10,91
2020-09-11,48
2020-09-12,52
2020-09-13,42
2020-09-14,44
2020-09-15,41
2020-09-16,46
2020-09-17,41
2020-09-18,34
2020-09-19,48
2020-09-20,24
2020-09-21,13
2020-09-22,14
2020-09-23,30
2020-09-24,31
2020-09-25,10
2020-09-26,17
2020-09-27,16
2020-09-28,24